,word,frequency,Tag of word,,,,feature,,,,
0, pron,14642,"(' pron', 'NN')",,,," leather, cover, gel, cushy",, saddle,, comfortable
1, the,6953,"(' the', 'NN')",,,,weight,, bike,, well
2, be,6807,"(' be', 'NNP')",,,,feeling,, seat,, pro
3,  ,4533,"('  ', 'NNP')",,,,price,, leather,, old
4, a,4400,"(' a', 'NNP')",,,,color,, look,, imperial
5, to,3355,"(' to', 'NNP')",,,,,, time,, good
6, saddle,3087,"(' saddle', 'NNP')",,,,,, feel,, hard
7, have,3082,"(' have', 'NNP')",,,,,, back,, great
8, and,3046,"(' and', 'NNP')",,,,,, sit,, super
9, on,2443,"(' on', 'NNP')",,,,,, slide,, wet
10, in,2078,"(' in', 'NNP')",,,,,, copper,, pain
11, of,1997,"(' of', 'NNP')",,,,,, wear,, hurt
12, that,1987,"(' that', 'NNP')",,,,,, cover,, standard
13, ,1713,"(' ', 'VBD')",,,,,, nose,, brown
14, this,1617,"(' this', 'NNP')",,,,,, rivet,, amazing
15, but,1607,"(' but', 'NNP')",,,,,, gel,, light
16, not,1556,"(' not', 'NNP')",,,,,, weight,, heavy
17, bike,1445,"(' bike', 'NNP')",,,,,, cushy,, dry
18, for,1358,"(' for', 'NNP')",,,,,, replace,, huge
19, ride,1343,"(' ride', 'NNP')",,,,,, change,, fit
20, first,1156,"(' first', 'NNP')",,,,,, price,, uncomfortable
21, with,1130,"(' with', 'NNP')",,,,,, mold,, replace
22, mile,1105,"(' mile', 'NNP')",,,,,, color,, change
23, get,1075,"(' get', 'NNP')",,,,,, anatomic,, flexible
24, so,953,"(' so', 'NNP')",,,,,, perineal,, smooth
25, seat,891,"(' seat', 'NNP')",,,,,,,, padded
26, comfortable,826,"(' comfortable', 'JJ')",,,,,,,,
27, do,826,"(' do', 'NNP')",,,,,,,,
28, one,801,"(' one', 'NN')",,,,,,,,
29, i,781,"(' i', 'NN')",,,,,,,,
30, use,730,"(' use', 'NNP')",,,,,,,,
31, brooks,729,"(' brooks', 'VBZ')",,,,,,,,
32, after,669,"(' after', 'JJR')",,,,,,,,
33, more,664,"(' more', 'RBR')",,,,,,,,
34, than,659,"(' than', 'JJ')",,,,,,,,
35, break,618,"(' break', 'VB')",,,,,,,,
36, leather,613,"(' leather', 'PRP$')",,,,,,,,
37, as,608,"(' as', 'JJ')",,,,,,,,
38, make,593,"(' make', 'NN')",,,,,,,,
39, about,593,"(' about', 'NN')",,,,,,,,
40, look,588,"(' look', 'NN')",,,,,,,,
41, time,578,"(' time', 'NNP')",,,,,,,,
42, well,573,"(' well', 'NNP')",,,,,,,,
43, b,542,"(' b', 'NNP')",,,,,,,,
44, will,537,"(' will', 'NNP')",,,,,,,,
45, very,532,"(' very', 'NNP')",,,,,,,,
46, feel,527,"(' feel', 'NNP')",,,,,,,,
47, from,517,"(' from', 'IN')",,,,,,,,
48, what,502,"(' what', 'NNP')",,,,,,,,
49, pro,497,"(' pro', 'NNP')",,,,,,,,
50, team,497,"(' team', 'NNP')",,,,,,,,
51, old,497,"(' old', 'NNP')",,,,,,,,
52, at,461,"(' at', 'NNP')",,,,,,,,
53, like,461,"(' like', 'NNP')",,,,,,,,
54, buy,446,"(' buy', 'NNP')",,,,,,,,
55,pron,446,"('pron', 'VBZ')",,,,,,,,
56, only,441,"(' only', 'RB')",,,,,,,,
57, right,436,"(' right', 'JJ')",,,,,,,,
58, imperial,431,"(' imperial', 'JJ')",,,,,,,,
59, need,426,"(' need', 'NN')",,,,,,,,
60, which,380,"(' which', 'NNP')",,,,,,,,
61, long,375,"(' long', 'NNP')",,,,,,,,
62, would,370,"(' would', 'MD')",,,,,,,,
63, out,370,"(' out', 'VB')",,,,,,,,
64, other,370,"(' other', 'RB')",,,,,,,,
65, good,370,"(' good', 'NNP')",,,,,,,,
66, no,365,"(' no', 'NNP')",,,,,,,,
67, work,365,"(' work', 'NNP')",,,,,,,,
68, before,365,"(' before', 'RB')",,,,,,,,
69, year,360,"(' year', 'JJ')",,,,,,,,
70, up,360,"(' up', 'NNP')",,,,,,,,
71, bit,355,"(' bit', 'NNP')",,,,,,,,
72, hard,319,"(' hard', 'NNP')",,,,,,,,
73, if,314,"(' if', 'NNP')",,,,,,,,
74, by,304,"(' by', 'NNP')",,,,,,,,
75, much,304,"(' much', 'JJ')",,,,,,,,
76, an,294,"(' an', 'NNP')",,,,,,,,
77, there,294,"(' there', 'NNP')",,,,,,,,
78, month,294,"(' month', 'NNP')",,,,,,,,
79, side,289,"(' side', 'NNP')",,,,,,,,
80, great,289,"(' great', 'NNP')",,,,,,,,
81, little,289,"(' little', 'NNP')",,,,,,,,
82, back,289,"(' back', 'NNP')",,,,,,,,
83, sit,289,"(' sit', 'NNP')",,,,,,,,
84, super,284,"(' super', 'NNP')",,,,,,,,
85, short,284,"(' short', 'NNP')",,,,,,,,
86, woman,284,"(' woman', 'NNP')",,,,,,,,
87, easy,284,"(' easy', 'NNP')",,,,,,,,
88, just,248,"(' just', 'NNP')",,,,,,,,
89, even,233,"(' even', 'NNP')",,,,,,,,
90, put,233,"(' put', 'NNP')",,,,,,,,
91, say,228,"(' say', 'NNP')",,,,,,,,
92, find,223,"(' find', 'NNP')",,,,,,,,
93, never,223,"(' never', 'NNP')",,,,,,,,
94, can,223,"(' can', 'JJ')",,,,,,,,
95, issue,218,"(' issue', 'NNP')",,,,,,,,
96, treat,218,"(' treat', 'NNP')",,,,,,,,
97, another,218,"(' another', 'NNP')",,,,,,,,
98, really,218,"(' really', 'RB')",,,,,,,,
99, lot,218,"(' lot', 'VBZ')",,,,,,,,
100, without,218,"(' without', 'IN')",,,,,,,,
101, wet,218,"(' wet', 'NNP')",,,,,,,,
102, go,218,"(' go', 'NNP')",,,,,,,,
103, half,218,"(' half', 'NNP')",,,,,,,,
104, every,218,"(' every', 'NNP')",,,,,,,,
105, day,218,"(' day', 'NNP')",,,,,,,,
106, most,218,"(' most', 'NNP')",,,,,,,,
107, pain,218,"(' pain', 'NNP')",,,,,,,,
108, slide,213,"(' slide', 'NNP')",,,,,,,,
109, copper,213,"(' copper', 'NNP')",,,,,,,,
110, wow,213,"(' wow', 'NNP')",,,,,,,,
111, decide,213,"(' decide', 'NNP')",,,,,,,,
112, plan,213,"(' plan', 'NNP')",,,,,,,,
113, or,213,"(' or', 'NNP')",,,,,,,,
114, forward,213,"(' forward', 'NNP')",,,,,,,,
115, mean,213,"(' mean', 'NNP')",,,,,,,,
116, bum,213,"(' bum', 'NNP')",,,,,,,,
117, notice,213,"(' notice', 'NNP')",,,,,,,,
118, female,213,"(' female', 'NNP')",,,,,,,,
119, hurt,213,"(' hurt', 'NNP')",,,,,,,,
120, s,213,"(' s', 'NNP')",,,,,,,,
121, selle,213,"(' selle', 'NNP')",,,,,,,,
122, week,213,"(' week', 'NNP')",,,,,,,,
123, always,213,"(' always', 'VBZ')",,,,,,,,
124, these,213,"(' these', 'JJ')",,,,,,,,
125, life,213,"(' life', 'JJ')",,,,,,,,
126, century,213,"(' century', 'NN')",,,,,,,,
127, take,172,"(' take', 'NNP')",,,,,,,,
128, give,162,"(' give', 'JJ')",,,,,,,,
129, keep,157,"(' keep', 'NNP')",,,,,,,,
130, return,157,"(' return', 'NNP')",,,,,,,,
131, standard,152,"(' standard', 'NNP')",,,,,,,,
132, proofide,152,"(' proofide', 'NNP')",,,,,,,,
133, want,152,"(' want', 'NNP')",,,,,,,,
134, high,152,"(' high', 'NNP')",,,,,,,,
135, people,152,"(' people', 'NNP')",,,,,,,,
136, since,152,"(' since', 'NNP')",,,,,,,,
137, ago,152,"(' ago', 'NNP')",,,,,,,,
138, then,152,"(' then', 'NNP')",,,,,,,,
139, special,147,"(' special', 'JJ')",,,,,,,,
140, wear,147,"(' wear', 'NNP')",,,,,,,,
141, pedal,147,"(' pedal', 'NNP')",,,,,,,,
142, order,147,"(' order', 'NNP')",,,,,,,,
143, let,147,"(' let', 'NNP')",,,,,,,,
144, tell,147,"(' tell', 'NNP')",,,,,,,,
145, road,147,"(' road', 'NNP')",,,,,,,,
146, also,147,"(' also', 'NNP')",,,,,,,,
147, cover,147,"(' cover', 'NNP')",,,,,,,,
148, way,147,"(' way', 'NNP')",,,,,,,,
149, how,147,"(' how', 'NNP')",,,,,,,,
150, ever,147,"(' ever', 'NNP')",,,,,,,,
151, start,147,"(' start', 'NNP')",,,,,,,,
152, per,147,"(' per', 'NNP')",,,,,,,,
153, begin,147,"(' begin', 'NNP')",,,,,,,,
154, width,142,"(' width', 'NNP')",,,,,,,,
155, down,142,"(' down', 'NNP')",,,,,,,,
156, last,142,"(' last', 'NNP')",,,,,,,,
157, difference,142,"(' difference', 'NN')",,,,,,,,
158, frame,142,"(' frame', 'NN')",,,,,,,,
159, instal,142,"(' instal', 'JJ')",,,,,,,,
160, eyelet,142,"(' eyelet', 'NNP')",,,,,,,,
161, finish,142,"(' finish', 'NNP')",,,,,,,,
162, roadbike,142,"(' roadbike', 'NNP')",,,,,,,,
163, brown,142,"(' brown', 'NNP')",,,,,,,,
164, hesitant,142,"(' hesitant', 'NNP')",,,,,,,,
165, amazing,142,"(' amazing', 'VBG')",,,,,,,,
166, school,142,"(' school', 'JJ')",,,,,,,,
167, transport,142,"(' transport', 'NNP')",,,,,,,,
168, while,142,"(' while', 'NNP')",,,,,,,,
169, when,142,"(' when', 'NNP')",,,,,,,,
170, light,142,"(' light', 'NNP')",,,,,,,,
171, extra,142,"(' extra', 'NNP')",,,,,,,,
172, nose,142,"(' nose', 'NNP')",,,,,,,,
173, spot,142,"(' spot', 'NNP')",,,,,,,,
174, heavy,142,"(' heavy', 'NNP')",,,,,,,,
175, rivet,142,"(' rivet', 'NNP')",,,,,,,,
176, dry,142,"(' dry', 'NNP')",,,,,,,,
177, box,142,"(' box', 'NNP')",,,,,,,,
178, wrench,142,"(' wrench', 'NNP')",,,,,,,,
179, run,142,"(' run', 'NNP')",,,,,,,,
180, commute,142,"(' commute', 'NNP')",,,,,,,,
181, big,142,"(' big', 'NNP')",,,,,,,,
182, fancy,142,"(' fancy', 'NNP')",,,,,,,,
183, italia,142,"(' italia', 'NNP')",,,,,,,,
184, gel,142,"(' gel', 'NNP')",,,,,,,,
185, weight,142,"(' weight', 'NNP')",,,,,,,,
186, choice,142,"(' choice', 'NNP')",,,,,,,,
187, huge,142,"(' huge', 'NNP')",,,,,,,,
188, comfort,142,"(' comfort', 'NNP')",,,,,,,,
189, next,142,"(' next', 'NNP')",,,,,,,,
190, already,142,"(' already', 'JJ')",,,,,,,,
191, swear,142,"(' swear', 'JJ')",,,,,,,,
192, fit,142,"(' fit', 'NN')",,,,,,,,
193, probably,142,"(' probably', 'RB')",,,,,,,,
194, each,142,"(' each', 'NNP')",,,,,,,,
195, once,142,"(' once', 'NN')",,,,,,,,
196, adjust,142,"(' adjust', 'NNP')",,,,,,,,
197, man,142,"(' man', 'NNP')",,,,,,,,
198, worth,142,"(' worth', 'NNP')",,,,,,,,
199, cushy,142,"(' cushy', 'NNP')",,,,,,,,
200, few,142,"(' few', 'NNP')",,,,,,,,
201, over,142,"(' over', 'NNP')",,,,,,,,
202, area,142,"(' area', 'NNP')",,,,,,,,
203, review,101,"(' review', 'NNP')",,,,,,,,
204, all,96,"(' all', 'NNP')",,,,,,,,
205, think,96,"(' think', 'NNP')",,,,,,,,
206, still,96,"(' still', 'NNP')",,,,,,,,
207, replace,96,"(' replace', 'NNP')",,,,,,,,
208, could,86,"(' could', 'NNP')",,,,,,,,
209, change,86,"(' change', 'NNP')",,,,,,,,
210, many,86,"(' many', 'NNP')",,,,,,,,
211, uncomfortable,86,"(' uncomfortable', 'JJ')",,,,,,,,
212, completely,86,"(' completely', 'RB')",,,,,,,,
213, condition,86,"(' condition', 'JJ')",,,,,,,,
214, couple,81,"(' couple', 'JJ')",,,,,,,,
215, sure,81,"(' sure', 'NN')",,,,,,,,
216, come,81,"(' come', 'VBZ')",,,,,,,,
217, post,81,"(' post', 'RBS')",,,,,,,,
218, any,81,"(' any', 'JJ')",,,,,,,,
219, purchase,81,"(' purchase', 'NN')",,,,,,,,
220, both,81,"(' both', 'NNP')",,,,,,,,
221, some,81,"(' some', 'NNP')",,,,,,,,
222, though,81,"(' though', 'NNP')",,,,,,,,
223, anyone,81,"(' anyone', 'NNP')",,,,,,,,
224, price,81,"(' price', 'NNP')",,,,,,,,
225, period,81,"(' period', 'NNP')",,,,,,,,
226, try,81,"(' try', 'NNP')",,,,,,,,
227, mold,81,"(' mold', 'VBD')",,,,,,,,
228, yes,81,"(' yes', 'NNP')",,,,,,,,
229, until,81,"(' until', 'NNP')",,,,,,,,
230, product,81,"(' product', 'NNP')",,,,,,,,
231, know,81,"(' know', 'NNP')",,,,,,,,
232, stuff,76,"(' stuff', 'NNP')",,,,,,,,
233, cause,76,"(' cause', 'NNP')",,,,,,,,
234, now,76,"(' now', 'NNP')",,,,,,,,
235, regret,76,"(' regret', 'NNP')",,,,,,,,
236, lace,76,"(' lace', 'NNP')",,,,,,,,
237, c,76,"(' c', 'NNP')",,,,,,,,
238, new,76,"(' new', 'NNP')",,,,,,,,
239, less,76,"(' less', 'NNP')",,,,,,,,
240, apply,76,"(' apply', 'NNP')",,,,,,,,
241, disappointed,76,"(' disappointed', 'VBD')",,,,,,,,
242, under,76,"(' under', 'RBR')",,,,,,,,
243, currently,76,"(' currently', 'RB')",,,,,,,,
244, cut,76,"(' cut', 'JJ')",,,,,,,,
245, bicycle,76,"(' bicycle', 'NN')",,,,,,,,
246, something,76,"(' something', 'VBG')",,,,,,,,
247, hopefully,76,"(' hopefully', 'RB')",,,,,,,,
248, seem,76,"(' seem', 'VBP')",,,,,,,,
249, far,76,"(' far', 'JJ')",,,,,,,,
250, mileage,76,"(' mileage', 'NN')",,,,,,,,
251, butt,76,"(' butt', 'NNP')",,,,,,,,
252, read,76,"(' read', 'NNP')",,,,,,,,
253, future,76,"(' future', 'NN')",,,,,,,,
254, help,76,"(' help', 'NNP')",,,,,,,,
255, instead,76,"(' instead', 'NNP')",,,,,,,,
256, slip,76,"(' slip', 'NNP')",,,,,,,,
257, conditioner,76,"(' conditioner', 'NNP')",,,,,,,,
258, rain,76,"(' rain', 'NNP')",,,,,,,,
259, rider,76,"(' rider', 'NNP')",,,,,,,,
260, off,76,"(' off', 'NNP')",,,,,,,,
261, wish,76,"(' wish', 'JJ')",,,,,,,,
262, recommend,76,"(' recommend', 'NNP')",,,,,,,,
263, rock,76,"(' rock', 'NNP')",,,,,,,,
264, second,76,"(' second', 'NNP')",,,,,,,,
265, sort,76,"(' sort', 'NNP')",,,,,,,,
266, non,76,"(' non', 'NNP')",,,,,,,,
267, hour,76,"(' hour', 'NNP')",,,,,,,,
268, who,76,"(' who', 'NNP')",,,,,,,,
269, hear,76,"(' hear', 'VBP')",,,,,,,,
270, true,71,"(' true', 'JJ')",,,,,,,,
271, touring,71,"(' touring', 'VBG')",,,,,,,,
272, grant,71,"(' grant', 'JJ')",,,,,,,,
273, roughly,71,"(' roughly', 'JJ')",,,,,,,,
274, pound,71,"(' pound', 'NN')",,,,,,,,
275, measley,71,"(' measley', 'NNP')",,,,,,,,
276, weighing,71,"(' weighing', 'VBG')",,,,,,,,
277, daily,71,"(' daily', 'RB')",,,,,,,,
278, differemce,71,"(' differemce', 'NNP')",,,,,,,,
279, main,71,"(' main', 'VBP')",,,,,,,,
280, nearly,71,"(' nearly', 'JJ')",,,,,,,,
281, addition,71,"(' addition', 'NN')",,,,,,,,
282, mond,71,"(' mond', 'NN')",,,,,,,,
283, laptop,71,"(' laptop', 'NNP')",,,,,,,,
284, backpack,71,"(' backpack', 'NNP')",,,,,,,,
285, nightmare,71,"(' nightmare', 'NNP')",,,,,,,,
286, chemistry,71,"(' chemistry', 'NNP')",,,,,,,,
287, text,71,"(' text', 'NNP')",,,,,,,,
288, book,71,"(' book', 'NNP')",,,,,,,,
289, prefer,71,"(' prefer', 'NNP')",,,,,,,,
290, car,71,"(' car', 'NNP')",,,,,,,,
291, sleep,71,"(' sleep', 'NNP')",,,,,,,,
292, stress,71,"(' stress', 'NNP')",,,,,,,,
293, affix,71,"(' affix', 'NNP')",,,,,,,,
294, mens,71,"(' mens', 'VBZ')",,,,,,,,
295, worry,71,"(' worry', 'NNP')",,,,,,,,
296, too,71,"(' too', 'NNP')",,,,,,,,
297, push,71,"(' push', 'NNP')",,,,,,,,
298, real,71,"(' real', 'NNP')",,,,,,,,
299, estate,71,"(' estate', 'NNP')",,,,,,,,
300, upon,71,"(' upon', 'NNP')",,,,,,,,
301, unboxing,71,"(' unboxing', 'VBG')",,,,,,,,
302, nor,71,"(' nor', 'JJ')",,,,,,,,
303, heal,71,"(' heal', 'JJ')",,,,,,,,
304, toolbag,71,"(' toolbag', 'NN')",,,,,,,,
305, quick,71,"(' quick', 'NNP')",,,,,,,,
306, guess,71,"(' guess', 'NNP')",,,,,,,,
307, flexible,71,"(' flexible', 'JJ')",,,,,,,,
308, thin,71,"(' thin', 'NN')",,,,,,,,
309, noticeably,71,"(' noticeably', 'RB')",,,,,,,,
310, thing,71,"(' thing', 'VBG')",,,,,,,,
311, similar,71,"(' similar', 'JJ')",,,,,,,,
312, actually,71,"(' actually', 'RB')",,,,,,,,
313, dimension,71,"(' dimension', 'NNP')",,,,,,,,
314, color,71,"(' color', 'NNP')",,,,,,,,
315, bag,71,"(' bag', 'NNP')",,,,,,,,
316, tool,71,"(' tool', 'NNP')",,,,,,,,
317, tie,71,"(' tie', 'NNP')",,,,,,,,
318, inch,71,"(' inch', 'NN')",,,,,,,,
319, pleased,71,"(' pleased', 'VBD')",,,,,,,,
320, anatomic,71,"(' anatomic', 'NNP')",,,,,,,,
321, previously,71,"(' previously', 'RB')",,,,,,,,
322, perineal,71,"(' perineal', 'VBZ')",,,,,,,,
323, whether,71,"(' whether', 'JJ')",,,,,,,,
324, hesitate,71,"(' hesitate', 'NN')",,,,,,,,
325, somewhere,71,"(' somewhere', 'NNP')",,,,,,,,
326, north,71,"(' north', 'NNP')",,,,,,,,
327, dozen,71,"(' dozen', 'NNP')",,,,,,,,
328, end,71,"(' end', 'NNP')",,,,,,,,
329, damage,71,"(' damage', 'NNP')",,,,,,,,
330, finally,71,"(' finally', 'RB')",,,,,,,,
331, chance,71,"(' chance', 'NNP')",,,,,,,,
332, aerodynamic,71,"(' aerodynamic', 'NNP')",,,,,,,,
333, racing,71,"(' racing', 'VBG')",,,,,,,,
334, endurance,71,"(' endurance', 'NN')",,,,,,,,
335, shock,71,"(' shock', 'NN')",,,,,,,,
336, womans,71,"(' womans', 'NNS')",,,,,,,,
337, near,71,"(' near', 'VBP')",,,,,,,,
338, allow,71,"(' allow', 'JJ')",,,,,,,,
339, plate,71,"(' plate', 'NNP')",,,,,,,,
340, doubt,71,"(' doubt', 'NNP')",,,,,,,,
341, glad,71,"(' glad', 'NNP')",,,,,,,,
342, trigger,71,"(' trigger', 'NNP')",,,,,,,,
343, pull,71,"(' pull', 'NNP')",,,,,,,,
344, piece,71,"(' piece', 'NNP')",,,,,,,,
345, except,71,"(' except', 'NNP')",,,,,,,,
346, treatment,71,"(' treatment', 'NNP')",,,,,,,,
347, drop,71,"(' drop', 'NNP')",,,,,,,,
348, darker,71,"(' darker', 'NNP')",,,,,,,,
349, compare,71,"(' compare', 'NNP')",,,,,,,,
350, application,71,"(' application', 'NNP')",,,,,,,,
351, soak,71,"(' soak', 'NNP')",,,,,,,,
352, initially,71,"(' initially', 'RB')",,,,,,,,
353, left,71,"(' left', 'VBD')",,,,,,,,
354, switch,71,"(' switch', 'JJ')",,,,,,,,
355, rigid,71,"(' rigid', 'NNP')",,,,,,,,
356, definitely,71,"(' definitely', 'RB')",,,,,,,,
357, flex,71,"(' flex', 'JJ')",,,,,,,,
358, smooth,71,"(' smooth', 'NNP')",,,,,,,,
359, realize,71,"(' realize', 'NNP')",,,,,,,,
360, beneficial,71,"(' beneficial', 'NNP')",,,,,,,,
361, basically,71,"(' basically', 'RB')",,,,,,,,
362, zero,71,"(' zero', 'VBZ')",,,,,,,,
363, friction,71,"(' friction', 'NN')",,,,,,,,
364, matter,71,"(' matter', 'NN')",,,,,,,,
365, kind,71,"(' kind', 'NNP')",,,,,,,,
366, course,71,"(' course', 'NNP')",,,,,,,,
367, angle,71,"(' angle', 'NNP')",,,,,,,,
368, fan,71,"(' fan', 'NNP')",,,,,,,,
369, modern,71,"(' modern', 'NNP')",,,,,,,,
370, grow,71,"(' grow', 'NNP')",,,,,,,,
371, flare,71,"(' flare', 'NNP')",,,,,,,,
372, top,71,"(' top', 'NNP')",,,,,,,,
373, flat,71,"(' flat', 'NNP')",,,,,,,,
374, prematurely,71,"(' prematurely', 'RB')",,,,,,,,
375, ease,71,"(' ease', 'VBD')",,,,,,,,
376, quickly,71,"(' quickly', 'NNP')",,,,,,,,
377, highly,71,"(' highly', 'NNP')",,,,,,,,
378, slick,71,"(' slick', 'NNP')",,,,,,,,
379, naturally,71,"(' naturally', 'NNP')",,,,,,,,
380, pump,71,"(' pump', 'NNP')",,,,,,,,
381, leg,71,"(' leg', 'NNP')",,,,,,,,
382, record,71,"(' record', 'NNP')",,,,,,,,
383, morning,71,"(' morning', 'VBG')",,,,,,,,
384, mistakingly,71,"(' mistakingly', 'RB')",,,,,,,,
385, coconut,71,"(' coconut', 'JJ')",,,,,,,,
386, oil,71,"(' oil', 'NNP')",,,,,,,,
387, underside,71,"(' underside', 'NNP')",,,,,,,,
388, soften,71,"(' soften', 'NNP')",,,,,,,,
389, bright,71,"(' bright', 'NNP')",,,,,,,,
390, perfect,71,"(' perfect', 'NNP')",,,,,,,,
391, red,71,"(' red', 'VBD')",,,,,,,,
392, darken,71,"(' darken', 'NNP')",,,,,,,,
393, refreshing,71,"(' refreshing', 'VBG')",,,,,,,,
394, albeit,71,"(' albeit', 'RB')",,,,,,,,
395, hardly,71,"(' hardly', 'RB')",,,,,,,,
396, effort,71,"(' effort', 'JJ')",,,,,,,,
397, hoist,71,"(' hoist', 'NNP')",,,,,,,,
398, stair,71,"(' stair', 'NNP')",,,,,,,,
399, attach,71,"(' attach', 'NNP')",,,,,,,,
400, thomson,71,"(' thomson', 'NNP')",,,,,,,,
401, haha,71,"(' haha', 'NNP')",,,,,,,,
402, titanium,71,"(' titanium', 'NNP')",,,,,,,,
403, finely,71,"(' finely', 'RB')",,,,,,,,
404, craft,71,"(' craft', 'VBZ')",,,,,,,,
405, fault,71,"(' fault', 'NN')",,,,,,,,
406, midnight,71,"(' midnight', 'NNP')",,,,,,,,
407, rebuild,71,"(' rebuild', 'NNP')",,,,,,,,
408, slim,71,"(' slim', 'NNP')",,,,,,,,
409, wonky,71,"(' wonky', 'NNP')",,,,,,,,
410, plus,71,"(' plus', 'NNP')",,,,,,,,
411, term,71,"(' term', 'NNP')",,,,,,,,
412, cheap,71,"(' cheap', 'NNP')",,,,,,,,
413, penny,71,"(' penny', 'NNP')",,,,,,,,
414, hipped,71,"(' hipped', 'VBD')",,,,,,,,
415, average,71,"(' average', 'VB')",,,,,,,,
416, beak,71,"(' beak', 'JJ')",,,,,,,,
417, ish,71,"(' ish', 'JJ')",,,,,,,,
418, away,71,"(' away', 'NNP')",,,,,,,,
419, position,71,"(' position', 'NNP')",,,,,,,,
420, nerve,71,"(' nerve', 'NNP')",,,,,,,,
421, sharp,71,"(' sharp', 'NNP')",,,,,,,,
422, minute,71,"(' minute', 'NNP')",,,,,,,,
423, why,71,"(' why', 'NNP')",,,,,,,,
424, custom,71,"(' custom', 'NNP')",,,,,,,,
425, form,71,"(' form', 'NNP')",,,,,,,,
426, individual,71,"(' individual', 'NNP')",,,,,,,,
427, score,71,"(' score', 'VBD')",,,,,,,,
428, tear,71,"(' tear', 'JJ')",,,,,,,,
429, warehouse,71,"(' warehouse', 'IN')",,,,,,,,
430, deal,71,"(' deal', 'JJ')",,,,,,,,
431, package,71,"(' package', 'NN')",,,,,,,,
432, open,71,"(' open', 'JJ')",,,,,,,,
433, tension,71,"(' tension', 'NN')",,,,,,,,
434, oh,71,"(' oh', 'NNP')",,,,,,,,
435, wholesale,71,"(' wholesale', 'NNP')",,,,,,,,
436, cha,71,"(' cha', 'NNP')",,,,,,,,
437, ching,71,"(' ching', 'VBG')",,,,,,,,
438, live,71,"(' live', 'JJ')",,,,,,,,
439, perfectly,71,"(' perfectly', 'RB')",,,,,,,,
440, track,71,"(' track', 'VBP')",,,,,,,,
441, anything,71,"(' anything', 'VBG')",,,,,,,,
442, everybody,71,"(' everybody', 'NN')",,,,,,,,
443, it,71,"(' it', 'JJ')",,,,,,,,
444, discomfort,71,"(' discomfort', 'NNP')",,,,,,,,
445, guy,71,"(' guy', 'NNP')",,,,,,,,
446, lbs,71,"(' lbs', 'NNP')",,,,,,,,
447, fair,71,"(' fair', 'NNP')",,,,,,,,
448, amount,71,"(' amount', 'NNP')",,,,,,,,
449, include,71,"(' include', 'NNP')",,,,,,,,
450, flite,71,"(' flite', 'NNP')",,,,,,,,
451, flow,71,"(' flow', 'NNP')",,,,,,,,
452, max,71,"(' max', 'NNP')",,,,,,,,
453, ok,71,"(' ok', 'NNP')",,,,,,,,
454, despite,71,"(' despite', 'NNP')",,,,,,,,
455, dropping,71,"(' dropping', 'VBG')",,,,,,,,
456, extensive,71,"(' extensive', 'JJ')",,,,,,,,
457, risk,71,"(' risk', 'NN')",,,,,,,,
458, greatest,71,"(' greatest', 'JJS')",,,,,,,,
459, kid,71,"(' kid', 'NN')",,,,,,,,
460, my,71,"(' my', 'FW')",,,,,,,,
461, moment,71,"(' moment', 'JJ')",,,,,,,,
462, increase,71,"(' increase', 'NN')",,,,,,,,
463, sofa,71,"(' sofa', 'NNP')",,,,,,,,
464, pad,71,"(' pad', 'NNP')",,,,,,,,
465, padded,71,"(' padded', 'VBD')",,,,,,,,
466, beginning,71,"(' beginning', 'VBG')",,,,,,,,
467, sleek,71,"(' sleek', 'JJ')",,,,,,,,
468, multiple,71,"(' multiple', 'JJ')",,,,,,,,
469, compliment,71,"(' compliment', 'JJ')",,,,,,,,
470, cool,71,"(' cool', 'NN')",,,,,,,,
471, answer,71,"(' answer', 'NNP')",,,,,,,,
472, question,71,"(' question', 'NNP')",,,,,,,,
473, shop,71,"(' shop', 'NNP')",,,,,,,,
474, own,71,"(' own', 'NNP')",,,,,,,,
475, damaged,71,"(' damaged', 'VBD')",,,,,,,,
476, process,71,"(' process', 'NNP')",,,,,,,,
477, ask,71,"(' ask', 'NNP')",,,,,,,,
478, pure,71,"(' pure', 'NN')",,,,,,,,
479, relief,71,"(' relief', 'NN')",,,,,,,,
480, instant,71,"(' instant', 'JJ')",,,,,,,,
481, indicate,71,"(' indicate', 'NN')",,,,,,,,
482, convince,71,"(' convince', 'NN')",,,,,,,,
483, commitment,71,"(' commitment', 'JJ')",,,,,,,,
484, acquaintance,71,"(' acquaintance', 'NN')",,,,,,,,
485, along,71,"(' along', 'NNP')",,,,,,,,
486, suppose,71,"(' suppose', 'NNP')",,,,,,,,
487, butts,71,"(' butts', 'NNP')",,,,,,,,
488, wanting,71,"(' wanting', 'VBG')",,,,,,,,
489, pass,71,"(' pass', 'NNP')",,,,,,,,
490, factory,71,"(' factory', 'NN')",,,,,,,,
491, such,71,"(' such', 'JJ')",,,,,,,,
492, subsequent,71,"(' subsequent', 'NNP')",,,,,,,,
493, equally,71,"(' equally', 'RB')",,,,,,,,
494, log,71,"(' log', 'NNP')",,,,,,,,
495, fact,71,"(' fact', 'NNP')",,,,,,,,
496, fool,71,"(' fool', 'NNP')",,,,,,,,
497, superb,71,"(' superb', 'NNP')",,,,,,,,
498, honey,71,"(' honey', 'NNP')",,,,,,,,
499, cannondale,71,"(' cannondale', 'NNP')",,,,,,,,
500, r,71,"(' r', 'NNP')",,,,,,,,
501, instruction,71,"(' instruction', 'NNP')",,,,,,,,
502, bar,71,"(' bar', 'NNP')",,,,,,,,
503, tape,71,"(' tape', 'NNP')",,,,,,,,
504, match,71,"(' match', 'NNP')",,,,,,,,
505, vintage,71,"(' vintage', 'NNP')",,,,,,,,
506, mountainous,71,"(' mountainous', 'JJ')",,,,,,,,
507, metric,71,"(' metric', 'NNP')",,,,,,,,
508, absolutely,71,"(' absolutely', 'RB')",,,,,,,,
509, route,71,"(' route', 'JJ')",,,,,,,,
510, remember,71,"(' remember', 'NNP')",,,,,,,,
511, riide,71,"(' riide', 'NNP')",,,,,,,,
512, exist,71,"(' exist', 'NNP')",,,,,,,,
513, jean,71,"(' jean', 'NNP')",,,,,,,,
514, imho,71,"(' imho', 'NNP')",,,,,,,,
515, ridiculous,71,"(' ridiculous', 'JJ')",,,,,,,,
516, official,71,"(' official', 'JJ')",,,,,,,,
517, daughter,71,"(' daughter', 'NN')",,,,,,,,
518, intend,71,"(' intend', 'VBP')",,,,,,,,
519, baseball,71,"(' baseball', 'DT')",,,,,,,,
520, glove,71,"(' glove', 'NNP')",,,,,,,,
521, nokona,71,"(' nokona', 'NNP')",,,,,,,,
522, rub,71,"(' rub', 'NNP')",,,,,,,,
523, add,71,"(' add', 'NNP')",,,,,,,,
524, occasionally,71,"(' occasionally', 'RB')",,,,,,,,
525, sweating,71,"(' sweating', 'VBG')",,,,,,,,
526, okay,71,"(' okay', 'NNP')",,,,,,,,
527, proofhide,71,"(' proofhide', 'NNP')",,,,,,,,
528, ultimately,71,"(' ultimately', 'RB')",,,,,,,,
529, charity,71,"(' charity', 'NNP')",,,,,,,,
530, numerous,71,"(' numerous', 'JJ')",,,,,,,,
531, gift,71,"(' gift', 'NNP')",,,,,,,,
532, rid,71,"(' rid', 'NNP')",,,,,,,,
533, prevent,71,"(' prevent', 'NNP')",,,,,,,,
534, speed,71,"(' speed', 'VBD')",,,,,,,,
535, fast,71,"(' fast', 'NNP')",,,,,,,,
536, support,71,"(' support', 'NNP')",,,,,,,,
537, mountain,71,"(' mountain', 'NNP')",,,,,,,,
538, avide,71,"(' avide', 'NNP')",,,,,,,,
539, young,71,"(' young', 'NNP')",,,,,,,,
540, feed,71,"(' feed', 'NNP')",,,,,,,,
541, kill,71,"(' kill', 'NNP')",,,,,,,,
542, rail,40,"(' rail', 'NNP')",,,,,,,,
543, star,35,"(' star', 'NNP')",,,,,,,,
544, warranty,35,"(' warranty', 'NNP')",,,,,,,,
545, hundred,25,"(' hundred', 'NNP')",,,,,,,,
546, should,20,"(' should', 'NNP')",,,,,,,,
547, update,20,"(' update', 'NNP')",,,,,,,,
548, giant,15,"(' giant', 'NNP')",,,,,,,,
549, claim,15,"(' claim', 'NNP')",,,,,,,,
550, maybe,15,"(' maybe', 'NNP')",,,,,,,,
551, original,15,"(' original', 'NNP')",,,,,,,,
552, see,15,"(' see', 'NNP')",,,,,,,,
553, quality,10,"(' quality', 'NNP')",,,,,,,,
554, beautiful,10,"(' beautiful', 'NNP')",,,,,,,,
555, care,10,"(' care', 'NNP')",,,,,,,,
556, rating,10,"(' rating', 'VBG')",,,,,,,,
557, bad,10,"(' bad', 'NNP')",,,,,,,,
558, because,10,"(' because', 'NNP')",,,,,,,,
559, happen,10,"(' happen', 'NNP')",,,,,,,,
560, again,10,"(' again', 'NNP')",,,,,,,,
561, wait,10,"(' wait', 'NNP')",,,,,,,,
562, else,10,"(' else', 'NNP')",,,,,,,,
563, sell,10,"(' sell', 'NNP')",,,,,,,,
564, prior,10,"(' prior', 'NNP')",,,,,,,,
565, small,10,"(' small', 'NNP')",,,,,,,,
566, file,10,"(' file', 'NNP')",,,,,,,,
567, favorable,10,"(' favorable', 'JJ')",,,,,,,,
568, honor,10,"(' honor', 'NNP')",,,,,,,,
569, design,10,"(' design', 'NNP')",,,,,,,,
570, may,10,"(' may', 'NNP')",,,,,,,,
571, impression,10,"(' impression', 'NNP')",,,,,,,,
572, base,10,"(' base', 'NNP')",,,,,,,,
573, least,10,"(' least', 'NNP')",,,,,,,,
574, ten,10,"(' ten', 'NNP')",,,,,,,,
575, four,10,"(' four', 'NNP')",,,,,,,,
576, wax,10,"(' wax', 'NNP')",,,,,,,,
577, love,10,"(' love', 'NNP')",,,,,,,,
578, wonder,5,"(' wonder', 'NNP')",,,,,,,,
579, collapse,5,"(' collapse', 'NNP')",,,,,,,,
580, split,5,"(' split', 'NNP')",,,,,,,,
581, impressed,5,"(' impressed', 'VBD')",,,,,,,,
582, simply,5,"(' simply', 'NNP')",,,,,,,,
583, lb,5,"(' lb', 'NNP')",,,,,,,,
584, stick,5,"(' stick', 'NNP')",,,,,,,,
585, rather,5,"(' rather', 'NNP')",,,,,,,,
586, envelope,5,"(' envelope', 'NNP')",,,,,,,,
587, enough,5,"(' enough', 'IN')",,,,,,,,
588, accomplish,5,"(' accomplish', 'JJ')",,,,,,,,
589, job,5,"(' job', 'NNP')",,,,,,,,
590, approx,5,"(' approx', 'NNP')",,,,,,,,
591, solemnly,5,"(' solemnly', 'RB')",,,,,,,,
592, substance,5,"(' substance', 'RB')",,,,,,,,
593, riding,5,"(' riding', 'VBG')",,,,,,,,
594, imagine,5,"(' imagine', 'JJ')",,,,,,,,
595,purchase,5,"('purchase', 'NN')",,,,,,,,
596, point,5,"(' point', 'NN')",,,,,,,,
597, sorry,5,"(' sorry', 'NNP')",,,,,,,,
598, later,5,"(' later', 'NNP')",,,,,,,,
599, cloud,5,"(' cloud', 'NNP')",,,,,,,,
600, principle,5,"(' principle', 'NNP')",,,,,,,,
601, honestly,5,"(' honestly', 'RB')",,,,,,,,
602, understand,5,"(' understand', 'VBP')",,,,,,,,
603, fear,5,"(' fear', 'JJ')",,,,,,,,
604, result,5,"(' result', 'NN')",,,,,,,,
605, redo,5,"(' redo', 'NNP')",,,,,,,,
606, avoid,5,"(' avoid', 'NNP')",,,,,,,,
607, hope,5,"(' hope', 'NNP')",,,,,,,,
608, yeilde,5,"(' yeilde', 'NNP')",,,,,,,,
609, instruct,5,"(' instruct', 'NN')",,,,,,,,
610, saddles,5,"(' saddles', 'VBZ')",,,,,,,,
611, money,5,"(' money', 'NNP')",,,,,,,,
612,great,5,"('great', 'JJ')",,,,,,,,
613, water,5,"(' water', 'NNP')",,,,,,,,
614, praise,5,"(' praise', 'NNP')",,,,,,,,
615, butter,5,"(' butter', 'NNP')",,,,,,,,
616, traction,5,"(' traction', 'NN')",,,,,,,,
617, cost,5,"(' cost', 'NNP')",,,,,,,,
618, km,5,"(' km', 'NNP')",,,,,,,,
619, sensitive,5,"(' sensitive', 'NNP')",,,,,,,,
620, wouldnt,5,"(' wouldnt', 'NNP')",,,,,,,,
621, material,5,"(' material', 'NNP')",,,,,,,,
622, protect,5,"(' protect', 'NNP')",,,,,,,,
623, talk,5,"(' talk', 'NNP')",,,,,,,,
624, into,5,"(' into', 'NNP')",,,,,,,,
625, everyone,5,"(' everyone', 'NNP')",,,,,,,,
626, pay,5,"(' pay', 'NNP')",,,,,,,,
627, nicely,5,"(' nicely', 'RB')",,,,,,,,
628, narrow,5,"(' narrow', 'VBP')",,,,,,,,
629, cambium,5,"(' cambium', 'JJ')",,,,,,,,
630, enjoy,5,"(' enjoy', 'NNP')",,,,,,,,
631, struggle,5,"(' struggle', 'NNP')",,,,,,,,
632, rear,5,"(' rear', 'NNP')",,,,,,,,
633, spend,5,"(' spend', 'NNP')",,,,,,,,
634, manage,5,"(' manage', 'NN')",,,,,,,,
635, slippery,5,"(' slippery', 'NN')",,,,,,,,
636, truly,5,"(' truly', 'NNP')",,,,,,,,
637,aesthetically,5,"('aesthetically', 'RB')",,,,,,,,
638, crack,5,"(' crack', 'NNP')",,,,,,,,
639, provide,5,"(' provide', 'NNP')",,,,,,,,
640, somewhat,5,"(' somewhat', 'NNP')",,,,,,,,
641, speak,5,"(' speak', 'NNP')",,,,,,,,
642, aged,5,"(' aged', 'VBD')",,,,,,,,
643, however,5,"(' however', 'RB')",,,,,,,,
644, obviously,5,"(' obviously', 'RB')",,,,,,,,
645, tighten,5,"(' tighten', 'JJ')",,,,,,,,
646, maintenance,5,"(' maintenance', 'NNP')",,,,,,,,
647, pre,5,"(' pre', 'NNP')",,,,,,,,
648, adjustment,5,"(' adjustment', 'NNP')",,,,,,,,
649, slightly,5,"(' slightly', 'RB')",,,,,,,,
650, hump,5,"(' hump', 'VBZ')",,,,,,,,
651, middle,5,"(' middle', 'JJ')",,,,,,,,
652, mind,5,"(' mind', 'NN')",,,,,,,,
653, inclined,5,"(' inclined', 'VBD')",,,,,,,,
654, loosen,5,"(' loosen', 'NNP')",,,,,,,,
655, bolt,5,"(' bolt', 'NNP')",,,,,,,,
656, current,5,"(' current', 'NNP')",,,,,,,,
657, reduce,5,"(' reduce', 'NNP')",,,,,,,,
658, three,5,"(' three', 'NNP')",,,,,,,,
659, complain,5,"(' complain', 'NNP')",,,,,,,,
660, d,5,"(' d', 'NNP')",,,,,,,,
661, figure,5,"(' figure', 'NNP')",,,,,,,,
662, solution,5,"(' solution', 'NNP')",,,,,,,,
663, shaped,5,"(' shaped', 'VBD')",,,,,,,,
664, hammock,5,"(' hammock', 'NNP')",,,,,,,,
665, several,5,"(' several', 'NNP')",,,,,,,,
666, unable,5,"(' unable', 'JJ')",,,,,,,,
667, coño,5,"(' coño', 'NNP')",,,,,,,,
668, twenty,5,"(' twenty', 'NNP')",,,,,,,,
669, usually,5,"(' usually', 'RB')",,,,,,,,
670, above,5,"(' above', 'NNP')",,,,,,,,
671, write,5,"(' write', 'NNP')",,,,,,,,
672, expectation,5,"(' expectation', 'NNP')",,,,,,,,
673, number,5,"(' number', 'NNP')",,,,,,,,
674, reviewer,5,"(' reviewer', 'NNP')",,,,,,,,
675, here,5,"(' here', 'NNP')",,,,,,,,
676, decent,5,"(' decent', 'NNP')",,,,,,,,
677, believe,5,"(' believe', 'NNP')",,,,,,,,
678, recently,5,"(' recently', 'RB')",,,,,,,,
679,receive,5,"('receive', 'VBP')",,,,,,,,
680, pliable,5,"(' pliable', 'JJ')",,,,,,,,
681, entire,5,"(' entire', 'NN')",,,,,,,,
682, tin,5,"(' tin', 'NN')",,,,,,,,
683, render,5,"(' render', 'NN')",,,,,,,,
684, following,5,"(' following', 'VBG')",,,,,,,,
685, follow,5,"(' follow', 'JJ')",,,,,,,,
686, state,5,"(' state', 'NN')",,,,,,,,
687, lose,5,"(' lose', 'NNP')",,,,,,,,
688, concern,5,"(' concern', 'NNP')",,,,,,,,
689, certainly,5,"(' certainly', 'RB')",,,,,,,,
690, fix,5,"(' fix', 'VBZ')",,,,,,,,
691, due,5,"(' due', 'JJ')",,,,,,,,
692, likely,5,"(' likely', 'RB')",,,,,,,,
693, feature,5,"(' feature', 'JJ')",,,,,,,,
694, offer,5,"(' offer', 'VBP')",,,,,,,,
695, amazon,5,"(' amazon', 'JJ')",,,,,,,,
696, mention,5,"(' mention', 'NN')",,,,,,,,
697, unusable,5,"(' unusable', 'JJ')",,,,,,,,
698, breaking,5,"(' breaking', 'VBG')",,,,,,,,
699, container,5,"(' container', 'NN')",,,,,,,,
700, receive,5,"(' receive', 'JJ')",,,,,,,,
701, def,5,"(' def', 'NN')",,,,,,,,
702, save,5,"(' save', 'VBP')",,,,,,,,
703, ounce,5,"(' ounce', 'NN')",,,,,,,,
704, buck,5,"(' buck', 'JJ')",,,,,,,,
705, customer,5,"(' customer', 'NNP')",,,,,,,,
706, gouge,5,"(' gouge', 'NNP')",,,,,,,,
707, please,5,"(' please', 'NNP')",,,,,,,,
708, supply,5,"(' supply', 'NNP')",,,,,,,,
709, expensive,5,"(' expensive', 'JJ')",,,,,,,,
710, suggestion,5,"(' suggestion', 'NN')",,,,,,,,
711, nothing,5,"(' nothing', 'VBG')",,,,,,,,
712, send,5,"(' send', 'JJ')",,,,,,,,
713, paraffin,5,"(' paraffin', 'CD')",,,,,,,,
714, properly,5,"(' properly', 'RB')",,,,,,,,
